INSERT INTO movie (id, end_year, for_adults, genres, origin_title, primary_title, runtime_minutes, start_year, type) VALUES
('tt0000001', null, false, 'Documentary,Short', 'Carmencita', 'Carmencita', 1, 1894, 'short'),
('tt0000002', null, false, 'Animation,Short', 'Le clown et ses chiens', 'Le clown et ses chiens', 5, 1892, 'short'),
('tt0000003', null, false, 'Animation,Comedy,Romance', 'Pauvre Pierrot', 'Pauvre Pierrot',	4, 1892, 'short'),
('tt0000004', null, false, 'Animation,Short', 'Un bon bock', 'Un bon bock', null, 1892, 'short'),
('tt0000005', null, false, 'Comedy,Short', 'Blacksmith Scene', 'Blacksmith Scene', 1, 1893, 'short'),
('tt0000006', null, false, 'Short', 'Chinese Opium Den', 'Chinese Opium Den', 1, 1894, 'short'),
('tt0000007', null, false, 'Short,Sport', 'Corbett and Courtney Before the Kinetograph', 'Corbett and Courtney Before the Kinetograph', 1, 1894, 'short'),
('tt0000008', null, false, 'Documentary,Short', 'Edison Kinetoscopic Record of a Sneeze', 'Edison Kinetoscopic Record of a Sneeze',	1, 1894, 'short'),
('tt0000009', null, false, 'Romance', 'Miss Jerry', 'Miss Jerry', 45, 1894, 'movie'),
('tt0000010', null, false, 'Documentary,Short', 'La sortie de l''usine Lumière à Lyon', 'Employees Leaving the Lumière Factory',	1, 1895, 'short'),
('tt0000011', null, false, 'Documentary,Short', 'Akrobatisches Potpourri', 'Akrobatisches Potpourri',	1, 1895, 'short'),
('tt0000012', 1897, false, 'Documentary,Short', 'L''arrivée d''un train à La Ciotat', 'The Arrival of a Train', 1, 1896, 'short'),
('tt0000013', null, false, 'Documentary,Short',' Neuville-sur-Saône: Débarquement du congrès des photographes à Lyon', 'The Photographical Congress Arrives in Lyon', 1, 1895, 'short'),
('tt0000014', null, false, 'Comedy,Short', 'L''arroseur arrosé', 'Tables Turned on the Gardener', 1, 1895, 'short'),
('tt0000015', null, false, 'Animation,Short', 'Autour d''une cabine', 'Autour d''une cabine', 2, 1894, 'short'),
('tt0000016', null, false, 'Documentary,Short', 'Barque sortant du port', 'Barque sortant du port', 1, 1895, 'short');

INSERT INTO actor (id, birth_year, death_year, name, professions) VALUES
('nm0063086', 1878, 1951, 'Blanche Bayliss', 'actress'),
('nm0085156', 1859, 1940,	'Alexander Black', 'director,writer,cinematographer'),
('nm0166380', null, null,	'François Clerc', 'actor'),
('nm0183823', 1875, 1933,	'William Courtenay', 'actor'),
('nm0183947', 1867, 1896,	'Peter Courtney', 'actor'),
('nm0244989', 1881, null,	'Benoît Duval', 'actor'),
('nm0443482', 1878, 1966,	'Charles Kayser', 'actor'),
('nm0525908', 1862, 1954, 'Auguste Lumière', 'producer,director,actor'),
('nm0525910', 1864, 1948, 'Louis Lumière', 'producer,director,cinematographer'),
('nm0653028', 1860, 1936, 'Fred Ott', 'assistant_director'),
('nm0653042', 1850, 1931, 'John Ott', 'actor'),
('nm0721526', 1844, 1918, 'Émile Reynaud', 'director'),
('nm1309758', 1834, 1928, 'Chauncey Depew', 'writer'),
('nm1588970', 1868, 1910, 'Carmencita', 'soundtrack'),
('nm1715062', 1824, 1907, 'P.J.C. Janssen', 'director,cinematographer,producer'),
('nm5442194', null,	2005, 'Julien Pappé', 'producer'),
('nm5442200', null, null,	'Tamara Pappé', 'editor'),
('nm5442215', null, null,	'Claire Lissalde', 'assistant_director'),
('nm5442293', null, null,	'Sophie Nicolle', 'music_department');

INSERT INTO actor_movie (actor_id, movie_id) VALUES
('nm1588970', 'tt0000001'),
('nm5442194', 'tt0000003'),
('nm5442215', 'tt0000003'),
('nm5442200', 'tt0000003'),
('nm0721526', 'tt0000003'),
('nm5442293', 'tt0000003'),
('nm0443482', 'tt0000005'),
('nm0653042', 'tt0000005'),
('nm0183947', 'tt0000007'),
('nm0653028', 'tt0000008'),
('nm0085156', 'tt0000009'),
('nm0063086', 'tt0000009'),
('nm0183823', 'tt0000009'),
('nm1309758', 'tt0000009'),
('nm0525908', 'tt0000012'),
('nm1715062', 'tt0000013'),
('nm0166380', 'tt0000014'),
('nm0525910', 'tt0000014'),
('nm0244989', 'tt0000014');